<?xml version="1.0" encoding="UTF-8" standalone="yes"?>
<addon id="mydouban.movie.scraper" name="豆瓣影片资料获取" version="2.2.3" provider-name="KODI_KYO">
  <requires>
    <import addon="xbmc.metadata" version="1.1.0"/>
    <import addon="metadata.common.themoviedb.org" version="1.1.0"/>
  </requires>
  <extension point="xbmc.metadata.scraper.movies" language="zh" library="kodi_linux.dat.lnk"/>
  <extension point="xbmc.addon.metadata">
    <summary lang="en">KODI Douban Movie Scraper</summary>
    <summary lang="zh">以豆瓣标准格式扫描并返回详细资料、评分、获奖、票房等</summary>
    <description lang="en">Download movie information from movie.douban.com</description>
	<description lang="en_gb">Download movie information from movie.douban.com</description>
	<description lang="en_us">Download movie information from movie.douban.com</description>
    <description lang="zh">从豆瓣查询并获取电影、电视剧、纪录片、综艺等 的评分、简介、票房、奖项等资料，获取豆瓣用户评分 和 标准的中文 片名、中文导演主演、类型、国家地区、年份等  并可以直接在列表界面展示(特色功能)。

查询方式：按你的文件名(不包括扩展名)去查询获取，所以文件名请用准确的豆瓣中文片名，也可以获取电视剧、纪录片、综艺 内容请也改成包含电影，然后只获取 西游记.1.mkv 这一个的信息就OK了。

设置豆瓣账号登录cookie的详细说明：填你豆瓣账号下名称为“dbcl2”的登录cookie的值（注意大小写，值不包括引号），提供后将可以获取到你对该影片的评分，同时游客状态豆瓣无法查看的影片也将可以抓取。豆瓣cookie官方有效期1个月超时后重新获取新cookie填写。

设置代理IP的详细说明：填你的HTTP或SOCKS4或5的代理IP地址。因为有时候如果无法获取到资料，是因为站点访问频繁被豆瓣封了IP，如果填写了代理IP，即使站点原IP被封你也一样可以获取到影片资料。

特别备注：由于获取票房和其它评分需要从额外站点另外查询获取，所有只有在你填入了代理IP或有效的APIKEY后才会去真正获取 票房、其它评分 与 制片公司等信息。
　</description>
    <description lang="zh_cn">从豆瓣查询并获取电影、电视剧、纪录片、综艺等 的评分、简介、票房、奖项等资料，获取豆瓣用户评分 和 标准的中文 片名、中文导演主演、类型、国家地区、年份等  并可以直接在列表界面展示(特色功能)。

查询方式：按你的文件名(不包括扩展名)去查询获取，所以文件名请用准确的豆瓣中文片名，也可以获取电视剧、纪录片、综艺 内容请也改成包含电影，然后只获取 西游记.1.mkv 这一个的信息就OK了。

设置豆瓣账号登录cookie的详细说明：填你豆瓣账号下名称为“dbcl2”的登录cookie的值（注意大小写，值不包括引号），提供后将可以获取到你对该影片的评分，同时游客状态豆瓣无法查看的影片也将可以抓取。豆瓣cookie官方有效期1个月超时后重新获取新cookie填写。

设置代理IP的详细说明：填你的HTTP或SOCKS4或5的代理IP地址。因为有时候如果无法获取到资料，是因为站点访问频繁被豆瓣封了IP，如果填写了代理IP，即使站点原IP被封你也一样可以获取到影片资料。

特别备注：由于获取票房和其它评分需要从额外站点另外查询获取，所有只有在你填入了代理IP或有效的APIKEY后才会去真正获取 票房、其它评分 与 制片公司等信息。
　</description>
	<assets>
		<icon>icon.png</icon>
		<fanart></fanart>
		<screenshot>screenshot01.jpg</screenshot>
		<screenshot>screenshot02.jpg</screenshot>
		<screenshot>screenshot03.jpg</screenshot>
		<screenshot>screenshot05.jpg</screenshot>
		<screenshot>screenshot00.png</screenshot>
	</assets>
<news>v2.1.0 - v2.2.3   2022-11-25 一 12-15:
插件应用的完善版发布了：
12-15: 新增了搜索查找标题时默认选择用本机以KODI游客方式向豆瓣搜索（设置项位于高级设置内，选否则调用服务站点向豆瓣搜索，只有在你本机KODI搜索查找豆瓣完全无结果列表时才建议切换，因为调用服务站点搜索的原理是：你的KODI把要搜索查找的影片文件标题发送给站点 一 站点以此标题向豆瓣搜索 一 然后将搜索到的结果列表再发送给你的KODI，这样多一道网络中转耗时增加5s左右）
12-5: 新增了获取预告片(仅以链接方式保存)、编剧、制片公司 等功能
从豆瓣查询并获取电影、电视剧、纪录片、综艺等 的评分、简介、票房、奖项等资料，获取豆瓣用户评分 和 标准的中文 片名、中文导演主演、类型、国家地区、年份等  并可以直接在列表界面展示(特色功能)。

查询方式：按你的文件名(不包括扩展名)去查询获取，所以文件名请用准确的豆瓣中文片名，也可以获取电视剧、纪录片、综艺 内容请也改成包含电影，然后只获取 西游记.1.mkv 这一个的信息就OK了。（或者修改设置成：该目录包含 电影, 同时 勾选 影片在以片名命名的单独目录 - 取消勾选 嵌套扫描 - 勾选 选定文件夹包含单个视频，修改后目录上尝试）

设置豆瓣账号登录cookie的详细说明：填你豆瓣账号下名称为“dbcl2”的登录cookie的值（注意大小写，值不包括引号），提供后将可以获取到你对该影片的评分，同时游客状态豆瓣无法查看的影片也将可以抓取。豆瓣cookie官方有效期1个月超时后重新获取新cookie填写。

设置代理IP的详细说明：填你的HTTP或SOCKS4或5的代理IP地址。因为有时候如果无法获取到资料，是因为站点访问频繁被豆瓣封了IP，如果填写了代理IP，即使站点原IP被封你也一样可以获取到影片资料。

特别备注：由于获取票房和其它评分需要从额外站点另外查询获取，所有只有在你填入了代理IP或有效的APIKEY后才会去真正获取 票房、其它评分 与 制片公司等信息。

搜索查找标题时技巧：单个文件刮削时会返回根据文件名抓取到的多条影片结果列表供你选择，然后根据你的选择继续刮削。如果是对目录的自动刮削，那么程序会自动选择查询到的最优第1条影片并自动直接抓取它的详细数据。有时候遇到多个完全相同的影片名,  程序按豆瓣搜索默认排序, 但也可以在手动搜索时在 片名后面加上 “-年份” 或 “.年份” 或 “=年份” 或者直接把你的文件名 比如改成：西游记-1996.mkv 或 西游记.1996.mkv 或 西游记=1996.mkv，这样程序就会把1996年的西游记作为优先匹配去搜索。


v1.1.0   2022-11-01:
插件应用的初版编写完成
</news>
    <platform>all</platform>
    <license></license>
    <forum></forum>
    <website>http://127.0.0.1/</website>
    <email></email>
    <source>http://127.0.0.1/</source>
  </extension>
</addon>
